state,year,utility,design,plant,reissue,total,sirs
AL,1992,258,39,0,2,299,2
AL,1993,271,51,1,1,324,0
AL,1994,259,76,3,0,338,0
AL,1995,282,70,4,3,359,0
AL,1996,278,57,1,0,336,0
AL,1997,300,45,0,0,345,0
AL,1998,366,54,2,1,423,0
AL,1999,401,62,2,4,469,0
AL,2000,337,58,0,0,395,0
AL,2001,382,65,5,0,452,1
AL,2002,398,38,3,2,441,0
AL,2003,397,55,5,2,459,0
AL,2004,375,33,4,0,412,0
AL,2005,318,37,4,0,359,0
AL,2006,357,70,1,1,429,1
AL,2007,300,55,2,1,358,0
AL,2008,279,68,6,1,354,0
AL,2009,304,57,14,2,377,0
AL,2010,444,87,4,3,538,0
AL,2011,352,59,4,1,416,0
AL,2012,413,63,0,2,478,0
AL,2013,503,69,0,0,572,1
AL,2014,500,49,7,1,557,0
AL,2015,473,42,2,2,519,0
AK,1992,39,10,0,0,49,0
AK,1993,50,14,0,0,64,0
AK,1994,48,7,0,0,55,1
AK,1995,39,9,0,1,49,0
AK,1996,36,16,0,0,52,0
AK,1997,46,14,0,0,60,0
AK,1998,63,12,0,0,75,0
AK,1999,53,13,0,0,66,0
AK,2000,44,13,0,0,57,0
AK,2001,50,8,0,0,58,0
AK,2002,43,7,0,0,50,0
AK,2003,37,6,0,0,43,0
AK,2004,39,10,0,0,49,0
AK,2005,35,1,0,0,36,0
AK,2006,36,9,0,0,45,0
AK,2007,18,6,0,0,24,0
AK,2008,20,8,0,0,28,0
AK,2009,39,16,0,0,55,0
AK,2010,28,4,0,1,33,0
AK,2011,27,5,0,0,32,0
AK,2012,28,18,0,0,46,0
AK,2013,46,8,0,0,54,1
AK,2014,49,2,0,0,51,0
AK,2015,40,6,0,0,46,0
AZ,1992,836,61,0,3,900,2
AZ,1993,848,75,0,5,929,1
AZ,1994,929,121,2,1,1053,0
AZ,1995,999,117,2,1,1119,0
AZ,1996,1062,83,2,6,1153,0
AZ,1997,1049,114,0,0,1163,0
AZ,1998,1514,161,0,3,1678,0
AZ,1999,1498,118,1,5,1622,0
AZ,2000,1595,151,1,9,1756,0
AZ,2001,1540,158,0,4,1702,0
AZ,2002,1587,107,0,5,1699,0
AZ,2003,1582,127,0,5,1714,0
AZ,2004,1621,103,2,4,1730,0
AZ,2005,1457,137,0,4,1598,0
AZ,2006,1705,183,0,5,1893,0
AZ,2007,1571,249,0,6,1826,0
AZ,2008,1584,303,0,5,1892,0
AZ,2009,1562,190,4,3,1759,0
AZ,2010,1976,179,1,13,2169,0
AZ,2011,2069,172,2,5,2248,0
AZ,2012,2210,152,1,7,2370,0
AZ,2013,2225,196,2,4,2427,0
AZ,2014,2517,146,3,5,2671,0
AZ,2015,2540,194,3,4,2741,0
AR,1992,140,35,0,0,175,0
AR,1993,114,36,4,0,154,0
AR,1994,120,39,0,0,159,0
AR,1995,106,37,0,0,143,0
AR,1996,114,47,0,1,162,0
AR,1997,125,25,2,0,152,0
AR,1998,144,38,0,1,183,0
AR,1999,188,37,0,1,226,0
AR,2000,215,33,0,0,248,0
AR,2001,180,36,3,3,222,0
AR,2002,184,24,4,1,213,0
AR,2003,152,23,1,0,176,0
AR,2004,132,27,1,0,160,0
AR,2005,126,26,1,0,153,0
AR,2006,138,43,3,1,185,0
AR,2007,113,53,2,1,169,0
AR,2008,108,40,2,2,152,0
AR,2009,96,58,0,0,154,0
AR,2010,144,70,2,0,216,0
AR,2011,134,52,0,2,188,0
AR,2012,178,57,3,0,238,0
AR,2013,159,69,1,0,229,0
AR,2014,204,52,2,1,259,0
AR,2015,233,68,6,0,307,0
CA,1992,7,1,128,33,9,11
CA,1993,8170,1211,159,28,9579,11
CA,1994,8956,1238,168,31,10393,14
CA,1995,9262,1398,112,36,10808,16
CA,1996,10474,1329,107,36,11946,12
CA,1997,11289,1475,114,25,12903,12
CA,1998,15793,1890,112,29,17824,7
CA,1999,16778,1950,81,46,18855,10
CA,2000,17492,2162,132,58,19844,1
CA,2001,18598,2014,194,48,20854,9
CA,2002,18831,2080,267,56,21234,4
CA,2003,19692,2138,197,48,22075,4
CA,2004,19488,1861,210,42,21601,1
CA,2005,17989,1532,106,29,19656,6
CA,2006,22275,2531,165,68,25039,4
CA,2007,19600,2799,127,68,22594,7
CA,2008,19181,2766,180,73,22200,2
CA,2009,20646,2506,135,67,23354,0
CA,2010,27337,2515,101,123,30076,4
CA,2011,28148,2364,94,142,30748,2
CA,2012,32107,2369,84,99,34659,1
CA,2013,36193,2705,133,108,39139,0
CA,2014,40661,2828,119,71,43679,0
CA,2015,40196,3230,103,80,43609,0
CO,1992,849,94,0,7,950,0
CO,1993,910,140,0,4,1057,3
CO,1994,1045,130,0,5,1180,1
CO,1995,1098,102,0,8,1208,0
CO,1996,1178,139,0,3,1320,0
CO,1997,1220,123,0,1,1344,1
CO,1998,1750,161,1,4,1916,0
CO,1999,1810,168,0,6,1984,0
CO,2000,1850,217,0,8,2075,1
CO,2001,1927,177,1,3,2108,2
CO,2002,1939,182,0,8,2129,1
CO,2003,2068,227,2,4,2301,3
CO,2004,2099,189,1,0,2289,1
CO,2005,1854,113,1,4,1972,0
CO,2006,2118,223,0,8,2349,0
CO,2007,1745,232,1,5,1983,0
CO,2008,1622,237,1,8,1868,0
CO,2009,1716,248,1,3,1968,0
CO,2010,2135,294,1,5,2435,1
CO,2011,2102,285,0,10,2397,0
CO,2012,2442,298,1,3,2744,1
CO,2013,2793,376,0,7,3176,0
CO,2014,3184,366,0,5,3555,0
CO,2015,3045,418,1,8,3472,0
CT,1992,1,157,0,9,1,1
CT,1993,1544,194,0,8,1749,3
CT,1994,1608,219,0,6,1833,1
CT,1995,1544,211,3,8,1766,2
CT,1996,1453,228,2,3,1686,0
CT,1997,1404,237,2,2,1645,0
CT,1998,1798,267,1,5,2071,0
CT,1999,1795,223,0,8,2026,0
CT,2000,1826,251,0,9,2086,0
CT,2001,1853,213,0,5,2071,0
CT,2002,1805,173,2,11,1991,0
CT,2003,1667,169,1,7,1844,0
CT,2004,1577,141,0,4,1722,1
CT,2005,1520,149,4,4,1677,0
CT,2006,1652,196,5,4,1857,0
CT,2007,1384,220,1,6,1611,0
CT,2008,1356,231,2,6,1595,0
CT,2009,1416,238,4,3,1661,0
CT,2010,1875,219,2,15,2111,0
CT,2011,1939,170,1,11,2121,0
CT,2012,2108,180,2,7,2297,0
CT,2013,2168,202,1,4,2375,1
CT,2014,2309,187,0,6,2502,0
CT,2015,2158,202,0,7,2367,0
DE,1992,522,18,0,2,542,0
DE,1993,507,13,1,0,525,4
DE,1994,440,11,0,0,451,2
DE,1995,427,13,0,1,441,1
DE,1996,454,13,0,4,471,1
DE,1997,357,11,0,0,368,2
DE,1998,395,27,0,1,423,2
DE,1999,417,20,1,4,442,2
DE,2000,395,29,0,2,426,1
DE,2001,382,38,1,3,424,2
DE,2002,355,31,0,0,386,0
DE,2003,346,25,0,1,372,0
DE,2004,342,62,1,1,406,0
DE,2005,318,23,0,0,341,0
DE,2006,357,38,0,1,396,0
DE,2007,330,28,0,1,359,0
DE,2008,325,28,0,0,353,0
DE,2009,311,30,0,1,342,0
DE,2010,367,23,0,1,391,0
DE,2011,418,39,0,0,457,0
DE,2012,445,40,0,0,485,0
DE,2013,453,20,0,3,476,1
DE,2014,442,21,1,2,466,0
DE,2015,361,15,0,0,376,0
DC,1992,59,7,0,1,67,1
DC,1993,53,6,0,1,61,1
DC,1994,44,4,0,0,48,0
DC,1995,57,5,0,1,63,0
DC,1996,40,2,0,0,42,0
DC,1997,52,7,0,0,59,0
DC,1998,74,9,0,2,85,0
DC,1999,55,6,0,2,63,0
DC,2000,62,3,0,0,65,0
DC,2001,67,5,0,1,73,0
DC,2002,61,4,0,0,65,0
DC,2003,49,1,0,0,50,0
DC,2004,75,5,0,0,80,0
DC,2005,55,4,0,0,59,0
DC,2006,63,6,0,0,69,0
DC,2007,63,8,0,0,71,0
DC,2008,68,3,0,0,71,0
DC,2009,57,4,0,1,62,0
DC,2010,82,5,0,0,87,0
DC,2011,97,4,0,1,102,0
DC,2012,131,17,0,0,148,0
DC,2013,133,8,0,0,141,0
DC,2014,161,10,0,0,171,0
DC,2015,146,21,0,0,167,0
FL,1992,1,232,11,6,2,3
FL,1993,1777,316,12,9,2117,3
FL,1994,1887,375,27,5,2294,4
FL,1995,2002,439,18,4,2463,3
FL,1996,2083,404,15,4,2506,4
FL,1997,2159,358,30,3,2550,2
FL,1998,2668,413,28,5,3114,2
FL,1999,2603,401,30,9,3043,0
FL,2000,2603,492,16,14,3125,3
FL,2001,2649,440,44,14,3147,2
FL,2002,2397,366,82,8,2853,1
FL,2003,2561,490,64,4,3119,0
FL,2004,2456,464,64,5,2989,2
FL,2005,2291,387,26,3,2707,0
FL,2006,2600,582,64,15,3261,2
FL,2007,2358,642,83,9,3092,0
FL,2008,2046,680,70,12,2808,0
FL,2009,2197,632,64,6,2899,0
FL,2010,2978,670,58,17,3723,1
FL,2011,3136,658,22,25,3841,0
FL,2012,3686,707,48,12,4453,0
FL,2013,3953,731,54,23,4761,0
FL,2014,4210,775,28,9,5022,0
FL,2015,4054,782,58,19,4913,0
GA,1992,675,134,0,3,812,1
GA,1993,705,154,0,2,862,1
GA,1994,801,159,0,2,962,0
GA,1995,847,193,4,1,1045,2
GA,1996,968,166,1,1,1136,0
GA,1997,966,141,3,2,1112,0
GA,1998,1290,199,2,4,1495,1
GA,1999,1321,215,1,8,1545,0
GA,2000,1314,214,7,6,1541,2
GA,2001,1370,223,1,5,1599,2
GA,2002,1297,223,12,2,1534,0
GA,2003,1336,190,5,4,1535,2
GA,2004,1326,155,6,5,1492,0
GA,2005,1214,136,3,5,1358,0
GA,2006,1487,202,26,4,1719,0
GA,2007,1310,244,19,7,1580,0
GA,2008,1344,224,14,3,1585,1
GA,2009,1415,232,15,4,1666,0
GA,2010,1905,257,21,11,2194,0
GA,2011,1932,246,15,13,2206,0
GA,2012,2128,344,21,8,2501,0
GA,2013,2505,334,21,1,2861,0
GA,2014,2669,281,20,8,2978,0
GA,2015,2465,369,37,3,2874,0
HI,1992,70,11,0,0,81,0
HI,1993,80,22,4,0,106,0
HI,1994,73,24,2,0,99,0
HI,1995,66,16,2,0,84,0
HI,1996,80,23,1,0,104,0
HI,1997,77,14,2,0,93,0
HI,1998,84,9,0,0,93,0
HI,1999,83,9,5,0,97,0
HI,2000,77,14,2,0,93,0
HI,2001,95,9,1,2,107,0
HI,2002,73,10,7,0,90,1
HI,2003,75,20,1,0,96,0
HI,2004,76,9,0,1,86,0
HI,2005,50,7,1,0,58,0
HI,2006,84,14,2,1,101,0
HI,2007,64,16,0,2,82,0
HI,2008,77,23,1,0,101,0
HI,2009,71,17,8,0,96,0
HI,2010,121,21,2,0,144,0
HI,2011,101,23,2,2,128,0
HI,2012,108,21,1,1,131,0
HI,2013,125,19,1,1,146,0
HI,2014,136,21,3,0,160,0
HI,2015,127,35,4,0,166,0
ID,1992,239,19,0,1,259,3
ID,1993,332,23,0,1,358,2
ID,1994,330,33,0,3,366,3
ID,1995,305,21,0,1,327,2
ID,1996,364,27,0,1,392,0
ID,1997,565,30,0,2,597,0
ID,1998,855,33,0,10,898,0
ID,1999,1222,32,0,7,1261,0
ID,2000,1570,36,0,8,1614,0
ID,2001,1697,35,1,4,1737,0
ID,2002,1827,47,0,2,1876,0
ID,2003,1803,43,0,4,1850,0
ID,2004,1785,36,1,0,1822,0
ID,2005,1529,16,1,3,1549,0
ID,2006,1663,48,0,6,1717,0
ID,2007,1350,34,0,4,1388,0
ID,2008,1162,41,0,4,1207,0
ID,2009,941,38,0,6,985,0
ID,2010,1095,62,0,5,1162,0
ID,2011,1032,51,0,6,1089,0
ID,2012,930,46,0,3,979,0
ID,2013,992,30,0,7,1029,0
ID,2014,1012,33,0,0,1045,0
ID,2015,865,42,0,2,909,0
IL,1992,2,376,2,11,3,4
IL,1993,2846,447,5,14,3321,9
IL,1994,2834,477,2,5,3318,4
IL,1995,2873,590,3,8,3474,4
IL,1996,3144,508,12,8,3672,2
IL,1997,3007,516,4,10,3537,2
IL,1998,3727,633,0,5,4365,1
IL,1999,3736,549,5,14,4304,4
IL,2000,3833,641,6,22,4502,12
IL,2001,3640,610,6,10,4266,7
IL,2002,3471,451,2,10,3934,4
IL,2003,3299,645,15,5,3964,0
IL,2004,3162,570,17,5,3754,0
IL,2005,2752,533,5,7,3297,0
IL,2006,3294,737,12,10,4053,0
IL,2007,2894,802,6,9,3711,1
IL,2008,2741,815,16,8,3580,1
IL,2009,2898,699,10,8,3615,0
IL,2010,3611,739,11,13,4374,0
IL,2011,3806,767,3,18,4594,0
IL,2012,4345,704,11,18,5078,0
IL,2013,4644,679,16,18,5357,0
IL,2014,5106,785,20,13,5924,0
IL,2015,5028,805,17,12,5862,0
IN,1992,927,162,0,6,1,1
IN,1993,972,129,4,2,1107,0
IN,1994,1038,123,1,3,1165,1
IN,1995,1110,163,1,6,1280,0
IN,1996,1278,138,0,1,1417,1
IN,1997,1215,113,1,2,1331,0
IN,1998,1372,185,1,2,1560,0
IN,1999,1438,260,1,6,1705,1
IN,2000,1428,269,0,4,1701,0
IN,2001,1358,213,18,4,1593,2
IN,2002,1397,331,9,4,1741,4
IN,2003,1385,282,4,5,1676,3
IN,2004,1280,194,10,1,1485,0
IN,2005,1108,133,4,1,1246,0
IN,2006,1165,319,7,8,1499,0
IN,2007,1137,238,3,3,1381,4
IN,2008,985,202,0,8,1195,1
IN,2009,1095,147,0,4,1246,0
IN,2010,1492,198,1,6,1697,0
IN,2011,1437,187,2,7,1633,0
IN,2012,1741,218,0,4,1963,0
IN,2013,1921,244,0,2,2167,0
IN,2014,2049,213,1,2,2265,0
IN,2015,2033,239,2,4,2278,0
IA,1992,367,38,0,2,407,0
IA,1993,366,67,0,1,435,1
IA,1994,394,65,0,1,460,0
IA,1995,421,65,0,0,486,0
IA,1996,433,51,0,2,486,0
IA,1997,398,50,0,2,450,0
IA,1998,644,75,0,0,719,0
IA,1999,747,69,0,3,819,0
IA,2000,589,86,0,1,676,0
IA,2001,751,64,0,0,815,0
IA,2002,630,49,1,1,681,0
IA,2003,665,41,0,5,711,0
IA,2004,658,77,1,0,736,0
IA,2005,560,68,0,1,629,0
IA,2006,666,65,0,1,732,0
IA,2007,601,59,1,3,664,0
IA,2008,561,78,0,5,644,1
IA,2009,670,60,0,0,730,0
IA,2010,763,44,0,2,809,0
IA,2011,811,44,0,1,856,0
IA,2012,854,59,0,1,914,0
IA,2013,933,61,0,2,996,0
IA,2014,1000,55,0,2,1057,0
IA,2015,992,80,0,6,1078,0
KS,1992,264,60,0,1,325,0
KS,1993,242,71,2,1,316,0
KS,1994,272,53,0,2,327,0
KS,1995,246,71,0,2,319,0
KS,1996,291,54,0,3,348,0
KS,1997,260,62,0,0,322,0
KS,1998,349,52,0,3,404,0
KS,1999,433,60,0,1,494,1
KS,2000,391,82,0,1,474,1
KS,2001,312,69,0,1,382,0
KS,2002,421,82,0,0,503,0
KS,2003,428,63,0,0,491,0
KS,2004,448,92,0,0,540,0
KS,2005,380,74,0,1,455,1
KS,2006,492,86,0,3,581,0
KS,2007,424,97,1,1,523,0
KS,2008,425,114,0,4,543,1
KS,2009,435,73,0,1,509,0
KS,2010,615,108,0,5,728,0
KS,2011,707,92,0,6,805,0
KS,2012,1004,96,0,0,1100,0
KS,2013,1018,70,0,0,1088,0
KS,2014,960,75,0,1,1036,0
KS,2015,915,86,0,0,1001,0
KY,1992,259,37,0,1,297,0
KY,1993,277,43,0,3,323,0
KY,1994,285,53,0,1,339,0
KY,1995,272,66,0,3,341,0
KY,1996,319,76,0,1,396,0
KY,1997,291,54,1,4,350,0
KY,1998,349,53,1,1,404,0
KY,1999,452,54,1,1,508,0
KY,2000,458,56,0,3,517,0
KY,2001,481,62,0,3,546,1
KY,2002,450,46,0,0,496,0
KY,2003,438,55,0,1,494,1
KY,2004,407,56,0,0,463,0
KY,2005,346,30,0,1,377,0
KY,2006,413,57,0,1,471,0
KY,2007,429,75,0,1,505,0
KY,2008,413,54,0,2,469,0
KY,2009,368,88,0,1,457,0
KY,2010,536,64,0,1,601,0
KY,2011,488,59,1,3,551,0
KY,2012,543,76,0,1,620,0
KY,2013,553,69,1,2,625,0
KY,2014,646,63,2,3,714,0
KY,2015,663,46,5,2,716,0
LA,1992,488,36,1,1,526,0
LA,1993,431,47,0,2,482,2
LA,1994,403,33,0,6,442,0
LA,1995,370,41,0,1,412,1
LA,1996,400,42,0,2,444,0
LA,1997,377,31,0,1,409,0
LA,1998,485,42,12,3,542,0
LA,1999,483,33,0,3,519,0
LA,2000,518,54,4,3,579,0
LA,2001,520,35,5,2,562,0
LA,2002,445,34,2,3,484,0
LA,2003,390,41,5,2,438,1
LA,2004,343,38,6,0,387,0
LA,2005,271,25,1,1,298,0
LA,2006,321,37,6,1,365,0
LA,2007,262,31,1,0,294,0
LA,2008,260,55,3,4,322,0
LA,2009,257,55,3,0,315,0
LA,2010,304,48,1,2,355,0
LA,2011,308,52,6,2,368,0
LA,2012,364,47,33,1,445,0
LA,2013,395,40,3,1,439,0
LA,2014,434,43,10,0,487,0
LA,2015,399,38,8,1,446,0
ME,1992,106,22,0,1,129,0
ME,1993,114,28,0,0,142,0
ME,1994,118,22,0,0,140,0
ME,1995,113,24,0,0,137,0
ME,1996,99,15,0,0,114,0
ME,1997,93,16,0,0,109,0
ME,1998,123,20,0,1,144,0
ME,1999,121,24,0,0,145,0
ME,2000,127,24,0,0,151,0
ME,2001,145,11,0,0,156,0
ME,2002,153,14,0,1,168,0
ME,2003,151,14,0,0,165,0
ME,2004,134,4,0,0,138,0
ME,2005,151,6,1,1,159,0
ME,2006,142,13,1,0,156,0
ME,2007,110,16,0,0,126,0
ME,2008,113,22,0,1,136,0
ME,2009,118,10,0,2,130,0
ME,2010,211,8,0,1,220,0
ME,2011,183,18,0,1,202,0
ME,2012,211,11,0,0,222,0
ME,2013,234,9,0,0,243,0
ME,2014,212,7,0,3,222,0
ME,2015,201,22,0,3,226,0
MD,1992,960,104,1,2,1,14
MD,1993,999,71,0,1,1088,17
MD,1994,1058,106,3,5,1172,6
MD,1995,984,98,0,3,1085,14
MD,1996,1102,97,4,1,1204,5
MD,1997,1170,85,0,2,1257,6
MD,1998,1442,122,4,0,1568,6
MD,1999,1510,116,0,4,1630,12
MD,2000,1355,113,1,5,1474,9
MD,2001,1483,146,2,5,1636,5
MD,2002,1460,133,8,7,1608,4
MD,2003,1453,114,3,7,1577,2
MD,2004,1313,116,2,5,1436,4
MD,2005,1191,85,3,4,1283,1
MD,2006,1410,136,1,9,1556,2
MD,2007,1246,156,0,6,1408,1
MD,2008,1232,185,4,6,1427,2
MD,2009,1277,156,5,6,1444,1
MD,2010,1578,143,3,7,1731,1
MD,2011,1511,115,1,11,1638,1
MD,2012,1609,101,1,4,1715,0
MD,2013,1748,134,1,6,1889,0
MD,2014,1851,143,0,11,2005,0
MD,2015,1838,118,6,2,1964,0
MA,1992,2,199,5,18,2,3
MA,1993,2210,276,7,11,2505,1
MA,1994,2339,299,3,8,2649,1
MA,1995,2161,258,2,6,2427,0
MA,1996,2452,245,6,7,2710,3
MA,1997,2575,243,4,8,2830,1
MA,1998,3413,314,3,5,3735,0
MA,1999,3523,285,2,12,3822,0
MA,2000,3463,362,2,12,3839,2
MA,2001,3667,290,1,14,3972,0
MA,2002,3608,214,4,11,3837,0
MA,2003,3909,273,1,8,4191,1
MA,2004,3672,225,2,5,3904,2
MA,2005,3114,177,4,6,3301,2
MA,2006,4011,336,8,13,4368,1
MA,2007,3510,313,6,6,3835,2
MA,2008,3516,355,8,17,3896,1
MA,2009,3696,330,3,9,4038,0
MA,2010,4923,315,3,19,5260,1
MA,2011,5191,310,10,15,5526,0
MA,2012,5734,362,4,19,6119,0
MA,2013,6409,336,2,18,6765,2
MA,2014,6725,337,2,15,7079,0
MA,2015,6777,442,3,12,7234,0
MI,1992,2,179,4,12,3,2
MI,1993,2875,227,3,7,3113,1
MI,1994,2928,261,3,23,3215,1
MI,1995,2780,253,3,9,3045,3
MI,1996,3178,270,0,5,3453,3
MI,1997,2839,221,4,11,3075,1
MI,1998,3511,295,9,14,3829,0
MI,1999,3690,332,2,15,4039,0
MI,2000,3724,369,2,14,4109,3
MI,2001,3854,368,3,11,4236,1
MI,2002,3862,348,5,16,4231,4
MI,2003,3855,344,7,12,4218,2
MI,2004,3757,351,8,6,4122,1
MI,2005,3367,283,11,3,3664,1
MI,2006,3758,404,9,7,4178,1
MI,2007,3141,528,8,18,3695,0
MI,2008,2996,563,10,14,3583,1
MI,2009,2983,510,17,6,3516,0
MI,2010,3823,427,8,19,4277,0
MI,2011,3964,382,36,15,4397,0
MI,2012,4598,377,12,10,4997,0
MI,2013,5119,487,27,7,5640,0
MI,2014,5306,479,27,10,5822,0
MI,2015,5561,588,27,8,6184,0
MN,1992,1,192,1,9,1,1
MN,1993,1544,214,1,8,1768,1
MN,1994,1721,235,2,6,1964,2
MN,1995,1656,268,1,12,1937,5
MN,1996,1772,222,0,5,1999,2
MN,1997,1829,218,0,11,2058,1
MN,1998,2472,300,1,5,2778,1
MN,1999,2651,243,1,8,2903,0
MN,2000,2716,256,2,16,2990,3
MN,2001,2635,280,1,10,2926,0
MN,2002,2751,213,4,8,2976,0
MN,2003,2955,285,6,14,3260,2
MN,2004,2754,230,7,5,2996,0
MN,2005,2431,146,1,4,2582,0
MN,2006,2957,290,16,5,3268,0
MN,2007,2554,357,5,4,2920,0
MN,2008,2535,311,5,18,2869,0
MN,2009,2625,324,10,13,2972,0
MN,2010,3597,390,3,15,4005,0
MN,2011,3860,347,2,18,4227,0
MN,2012,3902,364,3,9,4278,0
MN,2013,4292,481,4,12,4789,0
MN,2014,4626,442,3,11,5082,0
MN,2015,4394,446,2,10,4852,0
MS,1992,121,25,0,0,146,0
MS,1993,102,38,0,0,140,0
MS,1994,117,44,0,1,162,1
MS,1995,103,31,0,0,134,0
MS,1996,137,26,5,0,168,0
MS,1997,157,27,0,0,184,0
MS,1998,173,24,3,0,200,0
MS,1999,183,35,1,1,220,0
MS,2000,182,29,0,0,211,0
MS,2001,166,56,3,1,226,2
MS,2002,156,21,2,1,180,0
MS,2003,162,20,2,0,184,0
MS,2004,135,22,1,1,159,0
MS,2005,114,12,0,1,127,0
MS,2006,119,31,0,2,152,1
MS,2007,142,41,1,0,184,0
MS,2008,102,40,0,0,142,0
MS,2009,125,16,1,2,144,0
MS,2010,145,24,3,0,172,0
MS,2011,147,23,1,1,172,0
MS,2012,140,18,1,2,161,0
MS,2013,161,15,2,0,178,0
MS,2014,153,19,5,0,177,0
MS,2015,138,31,5,0,174,0
MO,1992,700,118,2,1,821,0
MO,1993,632,113,0,2,747,0
MO,1994,633,126,0,0,759,0
MO,1995,669,141,4,3,817,1
MO,1996,655,104,0,2,761,0
MO,1997,730,129,7,2,868,0
MO,1998,900,143,4,2,1049,0
MO,1999,930,147,8,1,1086,0
MO,2000,822,140,0,7,969,0
MO,2001,841,119,3,3,966,0
MO,2002,838,117,6,2,963,0
MO,2003,823,117,5,0,945,1
MO,2004,768,117,10,0,895,0
MO,2005,628,96,7,1,732,0
MO,2006,721,135,5,2,863,0
MO,2007,702,151,6,2,861,0
MO,2008,615,161,4,6,786,1
MO,2009,708,164,3,2,877,0
MO,2010,975,157,5,3,1140,0
MO,2011,878,119,2,4,1003,1
MO,2012,1015,149,0,1,1165,0
MO,2013,1184,112,0,5,1301,0
MO,2014,1257,157,0,5,1419,0
MO,2015,1082,167,0,2,1251,0
MT,1992,87,14,0,2,103,0
MT,1993,88,20,0,0,108,0
MT,1994,84,14,0,0,98,0
MT,1995,122,19,0,0,141,0
MT,1996,110,31,0,0,141,0
MT,1997,88,15,0,2,105,0
MT,1998,130,19,0,0,149,0
MT,1999,126,15,0,1,142,0
MT,2000,114,29,0,1,144,0
MT,2001,145,17,0,0,162,0
MT,2002,138,14,0,0,152,0
MT,2003,121,4,0,0,125,0
MT,2004,119,11,0,1,131,0
MT,2005,101,18,0,0,119,0
MT,2006,121,15,0,0,136,0
MT,2007,110,21,0,0,131,0
MT,2008,91,24,0,0,115,0
MT,2009,73,18,0,0,91,0
MT,2010,105,13,0,0,118,0
MT,2011,96,18,0,0,114,0
MT,2012,119,13,0,1,133,0
MT,2013,118,9,0,0,127,0
MT,2014,115,24,0,0,139,0
MT,2015,142,26,0,0,168,0
NE,1992,144,14,0,1,159,0
NE,1993,169,21,1,0,191,0
NE,1994,166,18,0,1,185,0
NE,1995,136,14,0,0,150,0
NE,1996,167,20,0,0,187,0
NE,1997,164,20,1,0,185,0
NE,1998,204,29,0,0,233,0
NE,1999,191,36,2,0,229,0
NE,2000,230,65,3,0,298,0
NE,2001,215,33,4,1,253,0
NE,2002,212,36,0,0,248,0
NE,2003,184,43,13,0,240,0
NE,2004,191,37,1,0,229,0
NE,2005,182,23,0,0,205,0
NE,2006,186,51,2,0,239,0
NE,2007,203,49,1,1,254,0
NE,2008,191,23,0,0,214,0
NE,2009,193,29,4,0,226,0
NE,2010,214,36,3,0,253,0
NE,2011,208,39,0,0,247,0
NE,2012,292,43,0,1,336,0
NE,2013,307,34,0,0,341,0
NE,2014,364,32,0,1,397,0
NE,2015,313,23,1,0,337,0
NV,1992,150,16,0,1,167,0
NV,1993,139,42,0,1,182,0
NV,1994,171,39,0,1,211,1
NV,1995,167,48,0,0,215,1
NV,1996,195,36,0,1,232,0
NV,1997,182,45,0,0,227,0
NV,1998,270,59,0,3,332,0
NV,1999,295,56,0,5,356,0
NV,2000,318,86,0,2,406,0
NV,2001,313,56,0,2,371,0
NV,2002,308,60,0,0,368,0
NV,2003,388,66,0,1,455,0
NV,2004,410,65,0,1,476,0
NV,2005,383,58,0,2,443,0
NV,2006,386,84,0,2,472,0
NV,2007,367,97,0,4,468,0
NV,2008,375,86,0,3,464,0
NV,2009,338,87,0,1,426,0
NV,2010,540,96,0,3,639,0
NV,2011,554,116,0,4,674,0
NV,2012,752,128,0,2,882,0
NV,2013,840,157,0,6,1003,0
NV,2014,834,135,0,0,969,0
NV,2015,725,63,0,1,789,0
NH,1992,335,27,0,1,363,0
NH,1993,363,38,2,1,404,0
NH,1994,403,47,0,1,451,0
NH,1995,405,51,2,1,459,0
NH,1996,418,46,0,3,467,0
NH,1997,457,41,1,3,502,0
NH,1998,610,37,0,1,648,0
NH,1999,649,40,0,1,690,0
NH,2000,626,51,0,2,679,0
NH,2001,598,70,0,2,670,1
NH,2002,609,46,0,2,657,0
NH,2003,677,53,0,0,730,1
NH,2004,626,52,2,1,681,0
NH,2005,498,39,0,1,538,0
NH,2006,602,53,0,2,657,0
NH,2007,542,74,0,2,618,0
NH,2008,477,43,2,4,526,0
NH,2009,542,62,1,3,608,0
NH,2010,725,70,0,7,802,0
NH,2011,724,70,0,11,805,0
NH,2012,734,50,0,7,791,0
NH,2013,822,70,0,3,895,0
NH,2014,889,60,0,3,952,0
NH,2015,850,73,0,1,924,0
NJ,1992,2,252,1,8,3,11
NJ,1993,2913,302,4,9,3246,18
NJ,1994,2925,314,4,4,3247,9
NJ,1995,2753,283,3,14,3053,13
NJ,1996,3093,275,0,8,3376,11
NJ,1997,3189,261,2,9,3461,2
NJ,1998,3770,417,3,10,4200,6
NJ,1999,3988,367,3,9,4367,5
NJ,2000,3889,484,3,18,4394,5
NJ,2001,3869,398,2,12,4281,5
NJ,2002,3762,311,4,19,4096,2
NJ,2003,3522,381,4,13,3920,3
NJ,2004,2957,380,5,10,3352,2
NJ,2005,2557,307,1,3,2868,0
NJ,2006,3172,434,6,15,3627,2
NJ,2007,2693,442,7,10,3152,2
NJ,2008,2722,506,11,8,3247,0
NJ,2009,2839,405,4,11,3259,0
NJ,2010,3874,444,7,20,4345,0
NJ,2011,3852,394,6,25,4277,1
NJ,2012,4224,413,1,18,4656,0
NJ,2013,4717,521,5,14,5257,0
NJ,2014,5036,461,2,9,5508,0
NJ,2015,4602,416,2,6,5026,0
NM,1992,237,15,0,0,252,0
NM,1993,233,26,0,0,261,2
NM,1994,232,27,1,0,260,1
NM,1995,256,24,0,1,281,1
NM,1996,225,16,0,1,242,0
NM,1997,261,15,1,4,281,0
NM,1998,343,20,0,0,363,0
NM,1999,338,15,0,3,356,0
NM,2000,323,22,0,2,347,0
NM,2001,376,15,0,0,391,0
NM,2002,371,15,0,2,388,0
NM,2003,390,14,0,0,404,1
NM,2004,370,12,0,1,383,0
NM,2005,265,5,0,2,272,1
NM,2006,344,10,0,0,354,0
NM,2007,286,15,0,3,304,0
NM,2008,280,14,0,1,295,0
NM,2009,303,26,0,0,329,0
NM,2010,434,15,0,6,455,0
NM,2011,389,18,1,4,412,0
NM,2012,417,27,0,0,444,0
NM,2013,443,27,0,1,471,0
NM,2014,423,22,0,0,445,0
NM,2015,427,28,0,0,455,0
NY,1992,4,467,4,13,4,7
NY,1993,4691,647,2,15,5360,5
NY,1994,4906,512,6,19,5443,5
NY,1995,4685,556,2,21,5264,3
NY,1996,5175,614,6,16,5811,5
NY,1997,4813,585,7,15,5420,1
NY,1998,6319,778,2,15,7114,0
NY,1999,6107,765,12,13,6897,3
NY,2000,6083,929,3,14,7029,7
NY,2001,6349,812,9,10,7180,1
NY,2002,6360,692,2,19,7073,2
NY,2003,6237,664,3,17,6921,0
NY,2004,5846,760,1,11,6618,0
NY,2005,4703,592,2,8,5305,1
NY,2006,5627,753,8,18,6406,1
NY,2007,5007,983,21,14,6025,0
NY,2008,4885,993,4,23,5905,0
NY,2009,5237,876,4,10,6127,0
NY,2010,7082,995,1,17,8095,0
NY,2011,6956,839,22,25,7842,0
NY,2012,7640,890,4,23,8557,0
NY,2013,8489,852,5,17,9363,0
NY,2014,8904,844,7,14,9769,1
NY,2015,8464,917,0,10,9391,0
NC,1992,851,89,2,2,944,0
NC,1993,908,154,1,5,1069,1
NC,1994,1015,169,4,1,1189,2
NC,1995,1037,213,0,4,1254,0
NC,1996,1188,255,4,3,1450,4
NC,1997,1262,236,2,0,1500,1
NC,1998,1614,218,0,8,1840,2
NC,1999,1732,212,1,8,1953,0
NC,2000,1846,340,5,5,2196,1
NC,2001,1946,313,3,3,2265,2
NC,2002,1821,311,5,3,2140,0
NC,2003,1874,291,6,3,2174,0
NC,2004,1794,268,10,3,2075,0
NC,2005,1610,219,5,5,1839,0
NC,2006,1974,247,8,3,2232,1
NC,2007,1745,253,6,3,2007,0
NC,2008,1841,289,18,9,2157,0
NC,2009,2012,266,15,5,2298,0
NC,2010,2636,271,8,7,2922,0
NC,2011,2607,257,6,14,2884,0
NC,2012,2977,261,4,10,3252,0
NC,2013,3143,289,12,7,3451,1
NC,2014,3411,286,2,8,3707,2
NC,2015,3354,287,5,5,3651,0
ND,1992,58,10,0,0,68,0
ND,1993,60,5,0,1,66,0
ND,1994,51,9,0,0,60,1
ND,1995,58,5,0,0,63,0
ND,1996,62,10,0,0,72,0
ND,1997,42,6,0,2,50,0
ND,1998,65,4,0,0,69,0
ND,1999,68,8,1,0,77,0
ND,2000,85,13,0,0,98,0
ND,2001,97,9,1,0,107,0
ND,2002,73,13,0,0,86,0
ND,2003,55,7,0,0,62,0
ND,2004,53,12,1,0,66,0
ND,2005,74,4,3,0,81,0
ND,2006,66,8,3,0,77,0
ND,2007,82,10,0,0,92,0
ND,2008,63,9,0,0,72,0
ND,2009,82,10,0,0,92,0
ND,2010,107,4,0,1,112,0
ND,2011,84,10,0,1,95,0
ND,2012,96,2,0,0,98,0
ND,2013,111,19,0,1,131,0
ND,2014,104,16,0,0,120,0
ND,2015,118,9,0,0,127,0
OH,1992,2,339,21,16,2,5
OH,1993,2529,426,11,10,2978,2
OH,1994,2594,476,12,10,3092,10
OH,1995,2418,549,5,4,2976,11
OH,1996,2616,527,5,8,3156,17
OH,1997,2715,542,17,6,3280,15
OH,1998,3273,604,4,10,3891,7
OH,1999,3362,628,3,10,4003,2
OH,2000,3197,809,5,9,4020,8
OH,2001,3274,701,2,14,3991,4
OH,2002,3329,621,3,8,3961,12
OH,2003,3184,699,1,8,3892,2
OH,2004,2889,525,0,3,3417,1
OH,2005,2319,404,1,3,2727,4
OH,2006,2630,652,3,6,3291,4
OH,2007,2255,785,0,18,3058,4
OH,2008,2227,910,4,12,3153,3
OH,2009,2341,676,1,5,3023,0
OH,2010,3230,739,2,12,3983,0
OH,2011,3177,712,1,13,3903,0
OH,2012,3387,708,4,11,4110,0
OH,2013,3689,598,1,10,4298,0
OH,2014,3755,621,5,3,4384,0
OH,2015,3590,689,13,6,4298,0
OK,1992,576,73,0,2,651,2
OK,1993,595,78,0,8,681,0
OK,1994,545,70,0,6,621,0
OK,1995,473,70,0,3,546,0
OK,1996,481,60,0,1,542,0
OK,1997,416,37,0,0,453,0
OK,1998,488,51,3,0,542,0
OK,1999,496,48,0,1,545,0
OK,2000,542,69,2,3,616,0
OK,2001,576,55,0,2,633,0
OK,2002,466,47,0,5,518,0
OK,2003,516,44,1,2,563,0
OK,2004,447,40,2,1,490,0
OK,2005,403,25,1,0,429,0
OK,2006,544,34,4,2,584,0
OK,2007,470,55,0,1,526,0
OK,2008,417,57,0,0,474,2
OK,2009,403,38,2,2,445,1
OK,2010,516,59,0,7,582,0
OK,2011,484,38,1,6,529,0
OK,2012,471,44,1,5,521,0
OK,2013,548,52,3,1,604,0
OK,2014,572,53,3,0,628,0
OK,2015,532,64,0,1,597,0
OR,1992,512,174,7,3,696,0
OR,1993,588,225,5,1,820,1
OR,1994,556,206,17,1,780,2
OR,1995,705,148,14,3,870,0
OR,1996,772,185,5,3,965,0
OR,1997,793,305,5,0,1103,0
OR,1998,1184,347,27,2,1560,0
OR,1999,1097,275,11,3,1386,0
OR,2000,1193,248,18,3,1462,0
OR,2001,1259,231,11,3,1504,0
OR,2002,1450,218,44,4,1716,0
OR,2003,1665,181,18,3,1867,0
OR,2004,1725,218,20,4,1967,0
OR,2005,1618,198,28,5,1849,0
OR,2006,2060,421,50,5,2536,0
OR,2007,1877,369,31,5,2282,0
OR,2008,1781,343,42,7,2173,0
OR,2009,1784,199,24,7,2014,0
OR,2010,2040,273,21,6,2340,0
OR,2011,1977,341,43,10,2371,1
OR,2012,2059,334,59,10,2462,0
OR,2013,2164,454,35,9,2662,0
OR,2014,2391,448,73,7,2919,0
OR,2015,2366,368,50,12,2796,0
PA,1992,2,214,0,8,2,5
PA,1993,2677,304,5,7,3002,9
PA,1994,2816,262,1,4,3083,4
PA,1995,2645,270,3,7,2925,2
PA,1996,2922,293,3,7,3225,1
PA,1997,2697,219,6,9,2931,3
PA,1998,3369,373,5,11,3758,4
PA,1999,3752,307,10,8,4077,0
PA,2000,3636,343,6,13,3998,5
PA,2001,3534,271,22,12,3839,3
PA,2002,3343,276,10,12,3641,1
PA,2003,3177,370,4,4,3555,0
PA,2004,2883,322,10,8,3223,1
PA,2005,2298,240,4,4,2546,0
PA,2006,2842,330,4,10,3186,5
PA,2007,2500,473,3,10,2986,1
PA,2008,2414,424,6,6,2850,0
PA,2009,2656,387,13,8,3064,2
PA,2010,3351,513,2,21,3887,2
PA,2011,3219,411,7,15,3652,0
PA,2012,3483,397,4,10,3894,0
PA,2013,3961,375,4,18,4358,0
PA,2014,4091,379,10,4,4484,0
PA,2015,3825,384,7,9,4225,0
RI,1992,195,47,0,0,242,0
RI,1993,219,56,0,0,276,1
RI,1994,217,56,0,1,274,4
RI,1995,206,55,0,2,263,0
RI,1996,235,56,0,0,291,0
RI,1997,249,53,0,1,303,0
RI,1998,280,77,0,0,357,0
RI,1999,261,80,0,0,341,0
RI,2000,320,65,1,2,388,1
RI,2001,287,46,0,1,334,0
RI,2002,260,50,1,0,311,0
RI,2003,266,58,0,1,325,0
RI,2004,309,55,1,3,368,0
RI,2005,263,48,0,1,312,0
RI,2006,269,84,1,0,354,0
RI,2007,263,116,0,1,380,0
RI,2008,218,84,1,0,303,0
RI,2009,231,74,0,0,305,0
RI,2010,276,76,0,2,354,0
RI,2011,306,44,0,1,351,0
RI,2012,329,85,0,1,415,0
RI,2013,321,85,0,4,410,0
RI,2014,363,81,0,3,447,0
RI,2015,324,68,0,1,393,0
SC,1992,446,50,1,1,498,2
SC,1993,423,77,0,1,502,1
SC,1994,436,71,2,1,510,0
SC,1995,442,77,1,1,521,1
SC,1996,469,48,0,1,518,0
SC,1997,430,67,0,2,499,0
SC,1998,570,105,3,4,682,0
SC,1999,562,92,0,1,655,1
SC,2000,531,97,0,1,629,0
SC,2001,565,75,2,0,642,2
SC,2002,599,108,1,1,709,2
SC,2003,570,78,0,1,649,1
SC,2004,524,54,3,0,581,0
SC,2005,460,76,0,3,539,0
SC,2006,577,113,0,1,691,0
SC,2007,411,130,1,0,542,0
SC,2008,395,124,4,1,524,0
SC,2009,461,116,2,0,579,0
SC,2010,517,124,7,3,651,1
SC,2011,656,132,2,3,793,0
SC,2012,850,123,0,5,978,0
SC,2013,873,94,1,3,971,0
SC,2014,907,81,10,1,999,0
SC,2015,950,107,1,0,1058,0
SD,1992,33,10,0,0,43,0
SD,1993,32,12,0,0,44,0
SD,1994,44,3,0,0,47,0
SD,1995,33,11,0,0,44,0
SD,1996,43,6,0,0,49,0
SD,1997,46,7,0,0,53,0
SD,1998,50,7,0,0,57,0
SD,1999,66,12,0,0,78,0
SD,2000,86,12,0,0,98,0
SD,2001,76,9,0,0,85,0
SD,2002,76,14,0,0,90,0
SD,2003,80,9,0,0,89,0
SD,2004,82,6,0,0,88,0
SD,2005,66,2,0,0,68,0
SD,2006,74,4,1,0,79,0
SD,2007,60,6,0,0,66,0
SD,2008,54,6,0,0,60,0
SD,2009,46,10,0,0,56,0
SD,2010,70,12,0,0,82,0
SD,2011,96,10,0,0,106,0
SD,2012,113,16,0,0,129,0
SD,2013,129,7,0,0,136,0
SD,2014,115,13,0,0,128,0
SD,2015,113,15,0,0,128,0
TN,1992,534,55,1,4,594,0
TN,1993,554,78,0,5,638,1
TN,1994,591,93,1,0,685,0
TN,1995,594,111,0,2,707,1
TN,1996,632,82,0,4,718,0
TN,1997,645,95,3,2,745,1
TN,1998,783,124,2,3,912,0
TN,1999,855,155,1,3,1014,4
TN,2000,781,156,2,3,942,20
TN,2001,813,136,2,7,958,4
TN,2002,831,166,6,0,1003,0
TN,2003,799,168,4,2,973,2
TN,2004,681,193,0,0,874,0
TN,2005,584,128,0,0,712,1
TN,2006,669,144,1,3,817,0
TN,2007,618,170,3,2,793,0
TN,2008,586,207,2,3,798,0
TN,2009,647,134,1,3,785,0
TN,2010,925,105,1,6,1037,0
TN,2011,969,101,4,6,1080,0
TN,2012,930,130,1,4,1065,0
TN,2013,1003,100,0,7,1110,1
TN,2014,1060,116,1,4,1181,0
TN,2015,1009,109,4,5,1127,0
TX,1992,3,296,1,17,3,8
TX,1993,3390,323,0,12,3745,20
TX,1994,3878,360,3,12,4253,16
TX,1995,3885,393,4,14,4296,17
TX,1996,4172,309,1,9,4491,21
TX,1997,4139,276,6,17,4438,10
TX,1998,5575,377,7,12,5971,8
TX,1999,6049,344,5,19,6417,7
TX,2000,6323,427,6,29,6785,4
TX,2001,6371,360,8,21,6760,4
TX,2002,6030,289,5,16,6340,2
TX,2003,6027,331,7,11,6376,2
TX,2004,5930,290,7,12,6239,2
TX,2005,5260,257,1,6,5524,2
TX,2006,6308,385,2,21,6716,1
TX,2007,5733,467,8,20,6228,0
TX,2008,5712,448,2,22,6184,0
TX,2009,5934,486,4,12,6436,0
TX,2010,7545,448,5,28,8026,1
TX,2011,7584,420,1,39,8044,1
TX,2012,8367,531,0,31,8929,1
TX,2013,9222,571,4,23,9820,1
TX,2014,10022,638,4,27,10691,1
TX,2015,9934,608,6,13,10561,0
UT,1992,376,53,0,4,433,3
UT,1993,419,49,0,3,472,1
UT,1994,422,57,0,2,481,2
UT,1995,508,44,0,2,554,0
UT,1996,540,59,0,4,603,0
UT,1997,611,51,0,2,664,0
UT,1998,666,63,1,1,731,0
UT,1999,678,62,6,2,748,0
UT,2000,707,81,0,3,791,0
UT,2001,715,84,1,3,803,0
UT,2002,675,72,0,0,747,0
UT,2003,637,86,0,1,724,0
UT,2004,683,100,0,1,784,0
UT,2005,554,87,0,3,644,0
UT,2006,684,110,0,6,800,0
UT,2007,638,126,0,2,766,0
UT,2008,642,85,0,0,727,0
UT,2009,765,88,0,2,855,0
UT,2010,1017,124,0,4,1145,0
UT,2011,1066,144,0,5,1215,0
UT,2012,1167,151,0,9,1327,0
UT,2013,1228,182,0,4,1414,0
UT,2014,1374,148,0,4,1526,0
UT,2015,1404,187,0,4,1595,0
VT,1992,116,15,0,2,133,0
VT,1993,131,23,0,0,154,0
VT,1994,140,31,0,0,171,0
VT,1995,148,21,0,1,170,0
VT,1996,254,27,0,1,282,0
VT,1997,277,14,0,0,291,0
VT,1998,322,20,0,0,342,0
VT,1999,340,22,0,1,363,0
VT,2000,378,38,0,0,416,0
VT,2001,453,53,0,1,507,0
VT,2002,487,22,0,0,509,0
VT,2003,428,36,0,1,465,0
VT,2004,400,28,0,0,428,0
VT,2005,367,44,0,0,411,0
VT,2006,437,49,0,0,486,0
VT,2007,472,74,0,0,546,0
VT,2008,437,76,0,1,514,0
VT,2009,452,48,0,0,500,0
VT,2010,642,26,0,0,668,0
VT,2011,504,31,0,1,536,0
VT,2012,487,19,0,0,506,0
VT,2013,529,15,5,2,551,0
VT,2014,578,32,0,0,610,0
VT,2015,451,18,0,1,470,0
VA,1992,891,90,0,2,983,5
VA,1993,875,105,0,3,986,3
VA,1994,858,105,1,5,969,4
VA,1995,823,112,5,2,942,4
VA,1996,859,104,0,2,965,2
VA,1997,818,93,0,3,914,3
VA,1998,1051,104,0,2,1157,6
VA,1999,1043,102,2,3,1150,2
VA,2000,1143,136,0,2,1281,5
VA,2001,1115,157,1,2,1275,6
VA,2002,1160,135,1,3,1299,3
VA,2003,1114,129,0,6,1249,1
VA,2004,1077,103,1,0,1181,1
VA,2005,946,80,0,1,1027,3
VA,2006,1094,128,0,9,1231,1
VA,2007,1004,149,1,8,1162,3
VA,2008,1030,144,1,5,1180,3
VA,2009,1073,131,1,3,1208,1
VA,2010,1587,131,0,6,1724,2
VA,2011,1600,127,0,10,1737,7
VA,2012,1691,111,1,10,1813,4
VA,2013,1886,130,0,10,2026,5
VA,2014,2078,97,1,8,2184,0
VA,2015,2057,160,1,4,2222,0
WA,1992,929,84,3,8,1,0
WA,1993,900,170,1,4,1077,2
WA,1994,962,173,11,5,1151,1
WA,1995,1036,217,2,4,1259,2
WA,1996,1142,183,3,2,1330,0
WA,1997,1350,155,5,1,1511,0
WA,1998,1776,219,2,3,2000,0
WA,1999,1827,204,2,5,2038,1
WA,2000,1821,213,3,10,2047,1
WA,2001,1969,274,9,5,2257,0
WA,2002,2099,187,9,5,2300,1
WA,2003,2285,217,6,8,2516,0
WA,2004,2221,214,3,4,2442,0
WA,2005,2291,187,2,2,2482,0
WA,2006,3286,322,3,9,3620,0
WA,2007,3228,655,5,6,3894,0
WA,2008,3517,626,5,10,4158,0
WA,2009,4310,525,9,12,4856,0
WA,2010,5258,537,5,9,5809,1
WA,2011,4767,464,5,30,5266,0
WA,2012,5390,567,5,23,5985,0
WA,2013,5878,673,4,14,6569,0
WA,2014,6448,669,16,15,7148,0
WA,2015,6378,642,12,6,7038,0
WV,1992,181,6,0,1,188,0
WV,1993,172,8,0,0,180,0
WV,1994,142,21,0,0,163,1
WV,1995,133,16,0,0,149,0
WV,1996,114,24,0,1,139,0
WV,1997,146,18,0,0,164,0
WV,1998,189,20,1,0,210,1
WV,1999,149,15,0,2,166,0
WV,2000,144,14,0,0,158,0
WV,2001,148,12,0,1,161,0
WV,2002,151,13,1,1,166,0
WV,2003,139,2,0,0,141,0
WV,2004,100,6,5,0,111,0
WV,2005,91,6,1,0,98,0
WV,2006,103,8,0,0,111,0
WV,2007,106,10,0,0,116,0
WV,2008,74,16,0,1,91,0
WV,2009,92,8,2,0,102,0
WV,2010,118,14,2,0,134,0
WV,2011,94,15,0,0,109,0
WV,2012,135,6,1,0,142,0
WV,2013,145,8,0,0,153,0
WV,2014,134,1,2,0,137,0
WV,2015,127,7,2,0,136,0
WI,1992,1,182,0,3,1,1
WI,1993,1139,187,0,10,1339,3
WI,1994,1165,216,3,7,1391,0
WI,1995,1208,209,1,4,1422,1
WI,1996,1320,197,0,4,1521,0
WI,1997,1301,218,0,7,1526,1
WI,1998,1567,306,1,4,1878,2
WI,1999,1675,316,0,7,1998,1
WI,2000,1685,385,0,7,2077,1
WI,2001,1837,403,2,7,2249,4
WI,2002,1865,244,6,4,2119,1
WI,2003,1786,290,4,2,2082,0
WI,2004,1658,310,2,5,1975,0
WI,2005,1489,261,3,3,1756,0
WI,2006,1688,452,3,7,2150,1
WI,2007,1412,504,4,7,1927,1
WI,2008,1349,557,5,10,1921,0
WI,2009,1467,413,5,2,1887,0
WI,2010,1814,404,3,11,2232,0
WI,2011,1784,352,5,13,2154,0
WI,2012,1785,492,4,8,2289,0
WI,2013,2025,464,6,7,2502,0
WI,2014,2107,526,12,6,2651,0
WI,2015,2039,520,6,6,2571,0
WY,1992,34,0,0,0,34,0
WY,1993,35,8,0,0,43,0
WY,1994,41,11,0,0,52,0
WY,1995,50,26,0,0,76,0
WY,1996,33,12,0,0,45,0
WY,1997,51,9,0,0,60,0
WY,1998,45,4,0,0,49,0
WY,1999,52,6,0,0,58,0
WY,2000,55,12,0,0,67,0
WY,2001,51,7,0,1,59,0
WY,2002,48,13,0,0,61,0
WY,2003,71,13,0,0,84,0
WY,2004,52,3,0,0,55,0
WY,2005,53,2,0,0,55,0
WY,2006,48,8,0,0,56,0
WY,2007,54,8,0,0,62,0
WY,2008,35,6,0,0,41,0
WY,2009,59,5,0,0,64,0
WY,2010,82,7,0,0,89,0
WY,2011,65,8,0,1,74,0
WY,2012,120,5,0,0,125,0
WY,2013,113,20,0,1,134,0
WY,2014,122,8,0,1,131,0
WY,2015,110,4,0,0,114,0
